name,price,url
Настольная лампа TL-221,78.00,/product/tl221.html
Лампа настольная светодиодная TL021,43.90,/product/lamptl021.html
Ночник Crystal LT-10,16.90,/product/nochnikcrystal.html
Лампа-ночник 3D Art Style,23.00,/product/3dartstyle.html
Лампа соляная SL-002,45.00,/product/lampsl002.html
Лампа настольная светодиодная LT-01,26.00,/product/lt01.html
Лампа настольная светодиодная LT-02,46.00,/product/lamplt02.html
Ночник Modern, 57.60,/product/nochnikmodern.html
Торшер LF 111, 60.30,/product/mod89426.html
Торшер LF 201,72.00,/product/lf201.html
Торшер LF 333,56.00,/product/lf333.html
Фонарик светодиодный аккумуляторный Flash,37.00,/product/flash.html
Фонарик светодиодный аккумуляторный Mini light,11.00,/product/flashminilight.html
"Кольцевая лампа FHS-26A (26см+ 2,1м штатив)", 22.60,/product/ringlampfhs26.html
"Кольцевая лампа FHS-26/1, 26 см + 19 см штатив",31.80,/product/ringlampfhs261.html
